{
  "n_samples": 239,
  "n_features": 51,
  "threshold": 0.3,
  "mean": [
    7.813514644351449,
    7.813514644351449,
    7.813514644351449,
    0.5857740585774058,
    0.008368200836820083,
    16.615062761506277,
    4.01673640167364,
    0.4799933054393296,
    0.39589456066945605,
    0.5488037656903773,
    0.42832468619246866,
    0.13761966527196667,
    0.0648669456066945,
    7.137790794979072,
    0.2175732217573222,
    0.19665271966527198,
    0.15481171548117154,
    0.19665271966527198,
    81.9163179916318,
    3.393054393305439,
    0.0,
    0.5613974895397493,
    0.4653744769874477,
    3.5562761506276144,
    0.22594142259414227,
    0.2384937238493724,
    0.08786610878661087,
    0.1506276150627615,
    0.06276150627615062,
    0.07531380753138076,
    0.06694560669456066,
    0.0038676569037656905,
    0.3468619246861931,
    24.922468619246867,
    0.9163179916317992,
    0.9163179916317992,
    0.0,
    357.74058577405856,
    0.0,
    0.0,
    0.3472803347280335,
    0.0,
    0.0,
    0.4225941422594142,
    0.10460251046025104,
    0.0,
    0.0,
    0.0,
    0.0,
    0.0,
    0.42677824267782427
  ],
  "std": [
    7.88708028018098,
    7.88708028018098,
    7.88708028018098,
    0.4925878712221401,
    0.09109431404634834,
    23.958872167528998,
    7.513985023866093,
    0.2912994040508344,
    0.281582048232361,
    0.2880347756681263,
    0.28080417456539614,
    0.0866346224907449,
    0.07869278086942653,
    6.3267920343388075,
    0.41259558278229447,
    0.3974675175577537,
    0.36172510036068706,
    0.3974675175577537,
    132.1822680738131,
    3.4350741164239667,
    1.0,
    0.4657251500522461,
    0.42104944737049893,
    3.2418335027119625,
    0.4182007844926612,
    0.42616248959033365,
    0.28310008073702553,
    0.3576855275843096,
    0.2425335020282753,
    0.2638970214430378,
    0.24992777444465442,
    0.004897004489496729,
    0.30016538790871244,
    39.12281756948722,
    0.2769103281635871,
    0.2769103281635871,
    1.0,
    225.59247810390897,
    1.0,
    1.0,
    0.47610576959245016,
    1.0,
    1.0,
    0.4939719963595546,
    0.30604056147129194,
    1.0,
    1.0,
    1.0,
    1.0,
    1.0,
    0.4946095169471079
  ],
  "p1": [
    0.0,
    0.0,
    0.0,
    0.0,
    0.0,
    0.0,
    0.0,
    0.0509,
    0.0359,
    0.0784,
    0.0431,
    0.0118,
    0.0061,
    0.597,
    0.0,
    0.0,
    0.0,
    0.0,
    0.0,
    0.0,
    0.0,
    0.0,
    0.0,
    0.0,
    0.0,
    0.0,
    0.0,
    0.0,
    0.0,
    0.0,
    0.0,
    0.0,
    0.0,
    0.0,
    0.0,
    0.0,
    0.0,
    0.0,
    0.0,
    0.0,
    0.0,
    0.0,
    0.0,
    0.0,
    0.0,
    0.0,
    0.0,
    0.0,
    0.0,
    0.0,
    0.0
  ],
  "p99": [
    30.57,
    30.57,
    30.57,
    1.0,
    0.0,
    72.0,
    30.0,
    0.906394,
    0.94342,
    0.9328,
    0.94642,
    0.389,
    0.3195,
    33.61402000000007,
    1.0,
    1.0,
    1.0,
    1.0,
    467.0,
    12.240000000000009,
    0.0,
    1.0,
    1.0,
    12.050000000000011,
    1.0,
    1.0,
    1.0,
    1.0,
    1.0,
    1.0,
    1.0,
    0.021355660000000023,
    0.9083,
    135.92,
    1.0,
    1.0,
    0.0,
    500.0,
    0.0,
    0.0,
    1.0,
    0.0,
    0.0,
    1.0,
    1.0,
    0.0,
    0.0,
    0.0,
    0.0,
    0.0,
    1.0
  ]
}