{
  "n_samples": 120,
  "n_features": 51,
  "threshold": 0.3,
  "mean": [
    2.1032499999999996,
    2.1817499999999996,
    2.1032499999999996,
    0.175,
    0.0,
    3.558333333333333,
    0.7583333333333333,
    0.4114608333333336,
    0.3077491666666666,
    0.48925166666666625,
    0.3298474999999999,
    0.15556999999999985,
    0.044187500000000005,
    7.914508333333331,
    0.041666666666666664,
    0.0,
    0.016666666666666666,
    0.0,
    23.908333333333335,
    1.1969166666666669,
    0.0,
    0.16373833333333335,
    0.138335,
    1.0664166666666668,
    0.08333333333333333,
    0.03333333333333333,
    0.0,
    0.016666666666666666,
    0.075,
    0.0,
    0.016666666666666666,
    0.0009853833333333332,
    0.36149583333333307,
    7.50525,
    0.8416666666666667,
    0.8416666666666667,
    0.0,
    258.3333333333333,
    0.0,
    0.0,
    0.1,
    0.0,
    0.0,
    0.125,
    0.08333333333333333,
    0.0,
    0.0,
    0.0,
    0.0,
    0.0,
    0.7083333333333334
  ],
  "std": [
    4.760188750196787,
    4.853559975677649,
    4.760188750196787,
    0.3799671038392668,
    1.0,
    13.40198731117472,
    2.556025017265852,
    0.2681484617694192,
    0.2516089863246255,
    0.27859933536153453,
    0.2564889867559295,
    0.0967535809845472,
    0.04258727423871282,
    4.7795750682737355,
    0.19982631347136298,
    1.0,
    0.12801909579781026,
    1.0,
    92.81397127528216,
    2.642643813757143,
    1.0,
    0.35886818916870056,
    0.30674322802902504,
    2.3838581458891817,
    0.27638539919628347,
    0.17950549357115023,
    1.0,
    0.12801909579781026,
    0.2633913438213187,
    1.0,
    0.1280190957978102,
    0.002493779000444015,
    0.31682301405143976,
    25.055027837492073,
    0.3650532685634915,
    0.3650532685634915,
    1.0,
    249.86107250941592,
    1.0,
    1.0,
    0.2999999999999999,
    1.0,
    1.0,
    0.33071891388307384,
    0.2763853991962833,
    1.0,
    1.0,
    1.0,
    1.0,
    1.0,
    0.45452967144315426
  ],
  "p1": [
    0.0,
    0.0,
    0.0,
    0.0,
    0.0,
    0.0,
    0.0,
    0.0509,
    0.03685,
    0.0766,
    0.044427,
    0.0118,
    0.0061,
    1.207,
    0.0,
    0.0,
    0.0,
    0.0,
    0.0,
    0.0,
    0.0,
    0.0,
    0.0,
    0.0,
    0.0,
    0.0,
    0.0,
    0.0,
    0.0,
    0.0,
    0.0,
    0.0,
    0.0,
    0.0,
    0.0,
    0.0,
    0.0,
    0.0,
    0.0,
    0.0,
    0.0,
    0.0,
    0.0,
    0.0,
    0.0,
    0.0,
    0.0,
    0.0,
    0.0,
    0.0,
    0.0
  ],
  "p99": [
    15.09,
    15.09,
    15.09,
    1.0,
    0.0,
    73.0,
    14.0,
    0.8836240000000001,
    0.91684,
    0.9339,
    0.928234,
    0.389,
    0.1936,
    18.37,
    1.0,
    0.0,
    0.8100000000000023,
    0.0,
    510.0,
    8.872700000000002,
    0.0,
    1.0,
    1.0,
    8.747300000000003,
    1.0,
    1.0,
    0.0,
    0.8100000000000023,
    1.0,
    0.0,
    0.8100000000000023,
    0.008426,
    0.9083,
    121.02470000000001,
    1.0,
    1.0,
    0.0,
    500.0,
    0.0,
    0.0,
    1.0,
    0.0,
    0.0,
    1.0,
    1.0,
    0.0,
    0.0,
    0.0,
    0.0,
    0.0,
    1.0
  ]
}